{
	"2": { "team": 3,"health": 100,"wclass": 5,"ex": 0.887833,"ey": -24.6698,"x": -1839.53,"y": 1040.45},
	"3": { "team": 3,"health": 100,"wclass": 5,"ex": -5.23842,"ey": -68.3144,"x": -557.503,"y": 1512.3},
	"4": { "team": 3,"health": 100,"wclass": 2,"ex": -4.58713,"ey": -39.3269,"x": -1817.31,"y": 1049.39},
	"5": { "team": 2,"health": 100,"wclass": 5,"ex": 5.60989,"ey": 92.11,"x": -1715.34,"y": -18.3},
	"8": { "team": 3,"health": 100,"wclass": 5,"ex": 1.10001,"ey": -125.766,"x": 1077.44,"y": 2847.53},
	"9": { "team": 3,"health": 100,"wclass": 3,"ex": -2.17323,"ey": -80.2781,"x": -519.369,"y": 2414.79},
	"10": { "team": 2,"health": 100,"wclass": 5,"ex": 3.54755,"ey": 172.027,"x": 742.186,"y": 225.231},
	"11": { "team": 3,"health": 100,"wclass": 3,"ex": 8.61432,"ey": -72.2753,"x": -1221.35,"y": 2612.19},
	"12": { "team": 2,"health": 100,"wclass": 5,"ex": 7.94757,"ey": 128.467,"x": -1118.51,"y": -578.491},
	"13": { "team": 2,"health": 100,"wclass": 5,"ex": 1.79111,"ey": 173.156,"x": 322.981,"y": 377.696},
	"17": { "team": 3,"health": 100,"wclass": 5,"ex": 1.48933,"ey": -138.956,"x": 1412.94,"y": 1303.94}}
