{
	"1": { "team": 2,"health": 100,"wclass": 2,"ex": -1.02069,"ey": -94.7952,"x": -1520.33,"y": 426.859},
	"2": { "team": 3,"health": 100,"wclass": 3,"ex": -0.780029,"ey": -114.976,"x": 1907.84,"y": 1635.78},
	"3": { "team": 3,"health": 100,"wclass": 3,"ex": -0.780029,"ey": -139.287,"x": 2024.58,"y": 1636.39},
	"4": { "team": 2,"health": 100,"wclass": 3,"ex": -0.780029,"ey": 35.9864,"x": -1258.6,"y": 361.975},
	"5": { "team": 2,"health": 100,"wclass": 3,"ex": -0.780029,"ey": 33.7675,"x": -1265.91,"y": 406.93},
	"6": { "team": 3,"health": 100,"wclass": 3,"ex": -0.780029,"ey": -126.198,"x": 1962.59,"y": 1636.22},
	"7": { "team": 2,"health": 100,"wclass": 3,"ex": -0.780029,"ey": 5.02246,"x": -1196.46,"y": 506.247},
	"8": { "team": 3,"health": 100,"wclass": 3,"ex": -0.780029,"ey": -108.927,"x": 1812.81,"y": 1543.64},
	"9": { "team": 2,"health": 100,"wclass": 3,"ex": -0.780029,"ey": 46.0547,"x": -1261.74,"y": 296.878},
	"10": { "team": 3,"health": 100,"wclass": 3,"ex": -0.780029,"ey": -113.535,"x": 1873.93,"y": 1632.83}}
