{
	"1": { "team": 3,"health": 100,"wclass": 5,"ex": 4.56998,"ey": -5.50484,"x": -633.657,"y": 211.14},
	"3": { "team": 2,"health": 100,"wclass": 4,"ex": 3.41675,"ey": 77.0303,"x": -2007.44,"y": -668.806},
	"4": { "team": 2,"health": 100,"wclass": 4,"ex": 2.81593,"ey": 86.1706,"x": -491.929,"y": -569.785},
	"7": { "team": 0,"health": 100,"wclass": 3,"ex": 0,"ey": 36.9999,"x": -854.438,"y": -736.783},
	"8": { "team": 2,"health": 100,"wclass": 5,"ex": -0.66983,"ey": 110.595,"x": 1702.85,"y": 930.522},
	"9": { "team": 2,"health": 100,"wclass": 5,"ex": 2.17804,"ey": 70.4368,"x": 554.421,"y": 176.582},
	"10": { "team": 3,"health": 100,"wclass": 5,"ex": 0.489578,"ey": -49.7808,"x": -1813.21,"y": 1096.83},
	"11": { "team": 3,"health": 100,"wclass": 4,"ex": -2.60547,"ey": -90.414,"x": -377.049,"y": 2092.31},
	"12": { "team": 2,"health": 100,"wclass": 3,"ex": 10.6547,"ey": 90.4748,"x": -480.295,"y": -506.81},
	"13": { "team": 2,"health": 100,"wclass": 4,"ex": 8.69876,"ey": 93.2344,"x": -408.42,"y": -63.0546},
	"14": { "team": 3,"health": 100,"wclass": 5,"ex": 0,"ey": -124.465,"x": -37.923,"y": 2127.28},
	"15": { "team": 3,"health": 100,"wclass": 5,"ex": 4.12503,"ey": -109.947,"x": 86.3791,"y": 2528.34},
	"16": { "team": 3,"health": 100,"wclass": 3,"ex": 14.1624,"ey": -142.595,"x": 245.23,"y": 2269.54},
	"17": { "team": 3,"health": 100,"wclass": 3,"ex": 0,"ey": -157.5,"x": 347.656,"y": 2351.47}}
